Processid,Sampleid,RecordID,Family,Genus,Scientific name,Habitat,Water mass,Lat start dec,Lat end dec,Long start dec,Long end dec,Depth start,Depth end,Wind start,Wind end,Windspeed start,Windspeed end,Watertemp ground,O2-saturation ground,EventDate,Country,Region,Sector,Sediment,SequenceID,Nucleotides,Time start,Time end,Trawling distance,Course start,Course end,Shipspeed start,Shipspeed end,CTD depth,CTD ID,Bord CTD ID,Bord station ID
ICECU001-20,ICE1-Bod001,12374256,Bodotriidae,Cyclaspis,Cyclaspis longicaudata,deep sea,ISOW,60.357,60.046,-18.136,-18.142,2567.7,2568.5,S,S,7,7,2.6581,258.389,2011-08-30,Atlantic Ocean,South Iceland,Iceland Basin,sandy mud,13743435,AAACATGGCTTTTTGAAAAATAAAAAGTCTTACCTGCACACTGAAACATAAAGAGCTGCAGTAATTTAAACTGTACTAAGGTAGCATAATCCTTTGTCTTTTAATTAAAGACTTGAATGAAAGGTACGACGAGATATAAACTTTTAATTTACAAAATAAATTACTTTTAGGTTAAAATGCCTAATTAAACTCAAAAGACGATAAGACCCTATAAAATTTAATTTACTATAAAAATAGCATAGATATTCTTTTTTTAAATTTAACTGGGATAGTTAAAATATTTAAACTACTTTTACCAAAACGTTATAACCACGAAATTAAAAATCTTATAAAAATTAAATTACTTTAGGGATAACAGTGTAATCCTTCATAAAGCTCGTATTAAAAGAAGGGATCACAACCTCGATGTTGAATTAAGAAATCGCAATAGTGCAACCGCTGTTTCCGAAGATCTGTTCGATCTTTAATTTCTTACATGATCTGAGT,11:23:00 PM,12:42:00 AM,2103,262,60.9,0.5,-0.3,2568,4,28,28
ICECU003-20,ICE1-Bod003,12374258,Bodotriidae,,,deep sea,NAW,63.008,63.018,-28.068,-28.053,1593.8,1569.1,NE,NE,8,8,4.28,245.53,2011-09-08,Atlantic Ocean,South Iceland,Irminger Basin,sand,13743437,GCTCTTAGATCTATAAAGAGTCCTACCTGCACACTGAGTTTTAAAGAGCTGCAGTAATCTAACTGTACTAAGGTAGCATAATACATTGTCTTTTAAATGAAGACTGGAATGAAAGGTCTGACGAAGGACAAGCTATTAAGGCTACTATATTAATTTGTCTGCAGGTTAAAATACCTGTAAATAGCCGGAAGACGACAAGACCCTGTAAAATTTTACTTACTACAACTAAGACCAGCTAAAAATAAATTTAAAGTTTGACTGGGATGGTTAAAATAATTAATCTACTTTTATCTTAACACTGATAAGTGATCTCTAAGACCCTTTAAAGATCTAAAGATTAAATTACTTTAGGGATAACAGCGTAATTTCTCTTAGAGCTCTTATCGAAAGAGAAGATTACGACCTCGATGTTGAATTAAGGCACTAAAATAATGCAGCCGTTATTAATAGAGATCTGTTCGAT,11:47:00 PM,1:04:00 AM,1673,21.2,39.2,0.8,-0.2,1613,16,129,129
ICECU004-20,ICE1-Bod004,12374259,Bodotriidae,Bathycuma,Bathycuma brevirostre,deep sea,ISOW,60.357,60.046,-18.136,-18.142,2567.7,2568.5,S,S,7,7,2.6581,258.389,2011-08-30,Atlantic Ocean,South Iceland,Iceland Basin,sandy mud,13743438,AAAAACATGGCTCTTGGGAAAATAAAGAGTCTGGCCTGCTCACTGATATTTAAAGAGCTGCAGTATTCTAACTGTACTAAGGTAGCATAATACATTGTCTTTTAAATGAAGACTTGAATGAAAGGTTTGACATGAGACTAACTTTTAAAAAAATTTAAATAAATTATTTGTGAGTTAAAATACTTATATAAAATTAAAAAGACGATAAGACCCTGTAAAATTTTACTTACTTGTGGTAGGACCAGATAAATCAAAATTAAGTTTAGCTGGGATGGCTAATATACAAAAACTATTTTACATAAAACACTAATTAGTGGTGCAAAAGACCCTAAAAGGATCCAGAGATTTAATTACTTCAGGGATAACAGCGTAATTTCTTTTAGAGTTCTAATCGATTAAGAAGATTGCGACCTCGATGTTGAATTAAGAGTTCTTAATGGTGCAGAAGCTGTTAATATAGATCTGTTCGATCTTTCTCTCTTACATGATCTGAGTTCAAACCGGAGA,11:23:00 PM,12:42:00 AM,2103,262,60.9,0.5,-0.3,2568,4,28,28
ICECU006-20,ICE1-Cer002,12374261,Ceratocumatidae,Cimmerius,Cimmerius reticulatus,deep sea,NAW,63.008,63.018,-28.068,-28.053,1593.8,1569.1,NE,NE,8,8,4.28,245.53,2011-09-08,Atlantic Ocean,South Iceland,Irminger Basin,sand,13743440,AATAATTTGCTTTTTAATTAAAAGCTAGAATGAAAGGTTTGACGTAATATTTTCTATTACTTTTTTAAAATAAAACTTAAATTTTTGGTTAAAATCCCAAATTAAGTCTTAAAGACGATAAGACCCTATAAAATTTAACTAAATAAATATAATCAGATTATTTTTAATTCAGTTTTATTGGGGTGATTTTGATATTTAATCTATCAATTATCAAATCGTTGATAACCGAATTAATTTGACCCTATAAAGTTTTAAAGATCAAATTACTTTAGG,11:47:00 PM,1:04:00 AM,1673,21.2,39.2,0.8,-0.2,1613,16,129,129
ICECU007-20,ICE1-Cer003,12374262,Ceratocumatidae,Cimmerius,Cimmerius reticulatus,deep sea,NAW,63.008,63.018,-28.068,-28.053,1593.8,1569.1,NE,NE,8,8,4.28,245.53,2011-09-08,Atlantic Ocean,South Iceland,Irminger Basin,sand,13743441,AAAACATGTCTTAAAGAAAAATATTAAGTCTTTCCTGCACACTGATTTACTTAAAGAGCTGCAGTACTTTAACTGTACAAAGGTAGCATAATAATTTGCTTTTTAATTAAAAGCTAGAATGAAAGGTTTGACGTAATATTTTCTATTACTTTTTAAAAATAAAACTTAAATTTTTGGTTAAAATCCCAAATTAAATCTTAAAGACGATAAGACCCTATAAAATTTAACTAAATAAATGTAATCAGATTATTTTTAATTCAGTTTTATTGGGGTGATTTTGATATTTAATCTATCAATTATCAAATCGTTAATAACCGAATTAATTTGACCCTATAAAGTTTTAAAGATCAAATTACTTTAGGGATAACAGCGTTATATTTCTTAAAGCTCGTATTTAAAGAAAAGATTGCGACCTCGATGTTGAATTAAGAAACCTTAAAAGAAGCAACTATCTTTTTAAGAAATCTGTTCGATTTTTAATTTCTTACATGATCTGA,11:47:00 PM,1:04:00 AM,1673,21.2,39.2,0.8,-0.2,1613,16,129,129
ICECU008-20,ICE1-Dia001,12374263,Diastylidae,Leptostylis,Leptostylis ampullacea,slope,APW/NSAIW,67.214,67.215,-26.207,-26.192,716.5,726,SW,WSW,2,3,0.07,292.966,2011-09-14,Atlantic Ocean,East Greenland,Denmark Strait,mud,13743442,AAAAACATGTCTTTTTGTCCCATAAAAAGTCGTATCTGCTCACTGGTTTTCTAAAGAGCTGCAGTACCCTAACTGTGCAAAGGTAGCATAATAATTTGTCTTTTAATTAGGGGCTTGAATGAAAGATTTGACATAAAATAACTGTCTTAATTTTTACTAAAAAATTCATTTTTAGTGAAAACTCTAAAATAAAAATAGAAGACGATAAGACCCTTTAAAATTTTTCTTAGTTTTAAATTGGACTAGTCAAACCCGAAATTAAAGATTAATTGGGGAGATTTTTATAAACTTATAAAAACTGTAAAGAAAAAAAACACTTATATGTGAATTTTAAGACCTTTAAAGAAGTTTTAAATTAAATTACTTAAGGGATAACAGCGTTATTTTTTTTAGAGCCCGAATCGAAAAAAAAGATTGCGACCTCGATGTTGAATTAAGAAGTCTCATTTAAGTAAAAATAAATGAAGAGAATCTGTTCGATTCTTAAATTCTTACATGATCTGAGT,5:20:00 AM,5:53:00 AM,670,97.6,349,2.1,1.1,685,23,187,187
ICECU011-20,ICE1-Dia004,12374266,Diastylidae,Leptostylis,Leptostylis ampullacea,slope,APW/NSAIW,67.214,67.215,-26.207,-26.192,716.5,726,SW,WSW,2,3,0.07,292.966,2011-09-14,Atlantic Ocean,East Greenland,Denmark Strait,mud,13743445,GTAATTTGTCCTTTAATTGGGGACTTGAATGAATGGGCCGACGCAAAACTCTCTTTTCCTTGGGCTTTAAAAATTTAGATTTAGGTTAAAATTCCTAGATATACTTAATAGACGATAAGACCCTATAAAATTTTACCTCATTACACCTAATTAGTTATTAAACTTAGTGGAGGTTTCGCTGGGACGGCTAAAATATAGTACCTATTTTCACTTCAACAGTAATATGTGAATTTTCTGACCCGTTAAAGATTGAAGATCTAATTACTTTAGGGGTAACAGCGTAATTTTTCTTAGAGCCCTAATCAAAAGAAGAGTTTACGACCTCGATGTTGAATTAGGGAAACTACGTTGGCGCAAAAGCTACTTAAGTAGATCTGTTCGATCTTTTATCCCTTACATGATCT,5:20:00 AM,5:53:00 AM,670,97.6,349,2.1,1.1,685,23,187,187
ICECU012-20,ICE1-Dia005,12374267,Diastylidae,Leptostylis,Leptostylis ampullacea,shelf,APW,67.636,67.633,-26.767,-26.774,315.9,315.1,SW,SW,6,6,0.706,290.9,2011-09-14,Atlantic Ocean,East Greenland,Denmark Strait,mud,13743446,CATGTCTTTTTGTCCCATAAAAAGTCGTATCTGCTCACTGGTTTTCTAAAGAGCTGCAGTACCCTAACTGTGCAAAGGTAGCATAATAATTTGTCTTTTAATTAGGGGCTTGAATGAAAGATTTGACATAAAATAACTGTCTTAATTTTTACTAAAAAATTCATTTTTAGTGAAAACTCTAAAATAAAAATAGAAGACGATAAGACCCTTTAAAATTTTTCTTAGTTTTAAATTGGACTAGTCAAATCCGAAATTAAAGATTAATTGGGGAGATTTTTATAAAATTATAAAAACTGTAAAGGAAAAAAACACTTATATGTGAATTTTAAGACCTTTAAAGAAGTTTTAAATTAAATTACTTAAGGGATAACAGCGTTATTTTTTTTAGAGCCCGAATCGAAAAAAAAGATTGCGACCTCGATGTTGAATTAAGAAGTCTCATTTAAGTAAAAATAAATGAAGAGAATCTGTTCGATTCTTAAATTCTTACATGATCTGA,5:28:00 PM,6:50:00 PM,366,231,16.2,1.4,-0.2,313,24,216,216
ICECU013-20,ICE1-Dia006,12374268,Diastylidae,Diastylis,Diastylis polaris,deep sea,NSDWc,67.644,67.639,-12.162,-12.138,1819.3,1811.9,SSE,SSE,11,10,-0.8511,,2011-09-20,Atlantic Ocean,Norwegian Sea,Norwegian Basin,Forams,13743447,AAAACATGTCTTTTTGCTTTAAAAAGGGTCAAACCTGCACACTGAGTTATTAAAGAGCTGCAGTATTCTAACTGTATTAAAGTAGCATAGTAATTTGTTTTTTAATTGGGGACTTGAATGAAAGGTTTGATGTTTATAGGCTGTCTTTTTTAAAAAGGTGAAATTAATTTTTAGTTAAAACTCTAAGATGAGCTTGTGGGACGATAAGACCCTATAAAATTTATATTGTATTTATATTAGATTGGAAAATATTTGACACAACAATTTAACTGGGGCGGTTAATATATAGAATATCTGTAAAATTATATCAACATATAATTTATGGTTTTTTTGACCCTTTAAAGATTGGTAGATTTAATTACTTTAGGGATAACAGCGTAATTCCTTTTAGAGTTCTTATCGAGTAGGGAGTTTGCGACCTCGATGTTGAATTAAGACACCTTTACAAGCGCAGAAGCCATATTAGGAAATCTGTTCGATTTATATGTTCTTACATGATCTGAGTTC,6:45:00 PM,7:57:00 PM,1885,52.6,29.2,0.8,-0.1,1781,33,270,270
ICECU014-20,ICE1-Dia007,12374269,Diastylidae,Leptostylis,Leptostylis ampullacea,slope,APW/NSAIW,67.214,67.215,-26.207,-26.192,716.5,726,SW,WSW,2,3,0.07,292.966,2011-09-14,Atlantic Ocean,East Greenland,Denmark Strait,mud,13743448,CGCCTGTTTTTCAAAAACATGTCTTTTTGTCCTATAAAAAGTCGTATCTGCTCACTGGTTTTCTAAAGAGCTGCAGTACCCTAACTGTGCAAAGGTAGCATAATAATTTGTCTTTTAATTAGGGGCTTGAATGAAAGATTTGACATAAAATAACTGTCTTAATTTTTACTAAAAAATTCATTTTTAGTGAAAACTCTAAAATAAAAATAGAAGACGATAAGACCCTTTAAAATTTTTCTTAGTTTTAAATTGGACTAGTCAAACCCGAAATTAAAGATTAATTGGGGAGATTTTTATAAACTTATAAAAACTGTAAAGAAAAAAAACACCTATATGTGAATTTTAAGACCTTTAAAGAAGTTTTAAATTAAATTACTTAAGGGATAACAGCGTTATTTTTTTTAGAGCCCGAATCGAAAAAAAAGATTGCGACCTCGATGTTGAATTAAGAAGTCTCATTTAAGTAAAAATAAATGAAGAGAATCTGTTCGATTCTTAAATTCTTACATGATCTGAGTCAAAACCGGAGA,5:20:00 AM,5:53:00 AM,670,97.6,349,2.1,1.1,685,23,187,187
ICECU015-20,ICE1-Dia008,12374270,Diastylidae,Leptostylis,Leptostylis ampullacea,shelf,APW,67.636,67.633,-26.767,-26.774,315.9,315.1,SW,SW,6,6,0.706,290.9,2011-09-14,Atlantic Ocean,East Greenland,Denmark Strait,mud,13743449,CTTTTTGTCCCATAAAAAGTCGTATCTGCTCACTGGTTTTYTAAAGAGCTGCAGTACCCTAACTGTGCAAAGGTAGCATAATAATTTGTCTTTTAATTAGGGGCTTGAATGAAAGATTTGACATAAAATAACTGTCTTAATTTTTACTAAAAAATTCATTTTTAGTGAAAACTCTAAAATAAAAATAGAAGACGATAAGACCCTTTAAAATTTTTCTTAGTTTTAAATTGGACTAGTCAAACCCGAAATTAAAGATTAATTGGGGAGATTTTTATAAACTTATAAAAACTGTAAAGGAAAAAAACACTTATATGTGAA,5:28:00 PM,6:50:00 PM,366,231,16.2,1.4,-0.2,313,24,216,216
ICECU016-20,ICE1-Dia009,12374271,Diastylidae,Diastylis,Diastylis polaris,deep sea,NSDWc,67.644,67.639,-12.162,-12.138,1819.3,1811.9,SSE,SSE,11,10,-0.8511,,2011-09-20,Atlantic Ocean,Norwegian Sea,Norwegian Basin,Forams,13743450,CATGTCTTTTTGCTTTAAAAAGGGTCAAACCTGCACACTGAGTTATTAAAGAGCTGCAGTATTCTAACTGTATTAAAGTAGCATAGTAATTTGTTTTTTAATTGGGGACTTGAATGAAAGGTTTGATGTTTATAGGCTGTCTTTTTTAAAAAGGTGAAATTAATTTTTAGTTAAAACTCTAAGATGAGCTTGTGGGACGATAAGACCCTATAAAATTTATATTGTATTTATATTAGATTGGAAAATATTTGACACAACAATTTAACTGGGGCGGTTAATATATAGAATATCTGTAAAATTATATCAACATATAATTTATGGTTTTTTTGACCCTTTAAAGATTGGTAGATTTAATTACTTTAGGGATAACAGCGTAATTCCTTTTAGAGTTCTTATCGAGTAGGGAGTTTGCGACCTCGATGTTGAATTAAGACACCTTTACAAGCGCAGAAGCCATATTAGGAAATCTGTTCGATTTATATGTTCTTACATGATC,6:45:00 PM,7:57:00 PM,1885,52.6,29.2,0.8,-0.1,1781,33,270,270
ICECU017-20,ICE1-Dia010,12374272,Diastylidae,Diastylis,Diastylis polaris,deep sea,NSDWw,67.868,67.860,-23.696,-23.696,1281,1266.6,SSE,SE,5,6,-0.66561,278.7728,2011-09-15,Atlantic Ocean,East Greenland,Denmark Strait,mud,13743451,CATGTCTTTTTGCTTTAAAAAGGGTCAAACCTGCACACTGAGTTATTAAAGAGCTGCAGTATTCTAACTGTATTAAAGTAGCATAGTAATTTGTTTTTTAATTGGGGACTTGAATGAAAGGTTTGATGTTTATAGGCTGTCTTTTTTAAAAAGGTGAAATTAATTTTTAGTTAAAACTCTAAGATGAGCTTGTGGGACGATAAGACCCTATAAAATTTATATTGTATTTATATTAGATTGGAAAATATTTGACACAACAATTTAACTGGGGCGGTTAATATATAGAATATCTGTAAAATTATATCAACATATAATTTATGGTTTTTTTGACCCTTTAAAGATTGGTAGATTTAATTACTTTAGGGATAACAGCGTAATTCCTTTTAGAGTTCTTATCGAGTAGGGAGTTTGCGACCTCGATGTTGAATTAAGACACCTTTACAAGCGCAGAAGCCATATTAGGAAATCTGTTCGATTTATATGTTCTTACATGATCTGA,10:16:00 AM,11:15:00 AM,1340,199,265,1.1,0,1208,25,222,222
ICECU018-20,ICE1-Dia011,12374273,Diastylidae,Diastyloides,Diastyloides atlanticus,deep sea,ISOW,60.357,60.046,-18.136,-18.142,2567.7,2568.5,S,S,7,7,2.6581,258.389,2011-08-30,Atlantic Ocean,South Iceland,Iceland Basin,sandy mud,13743452,TCAAAAACATGTCTTTATGTGTAATATAAAGTCATGCCTGCACACTGAGTAATTAAAGAGCTGCAGTATCTTGACTGTACTAAGGTAGCATAATATATTGTTTTTTAATTAGAAACTTGGATGAAAGGTTTGATGTTTACAAACTTTCTTTTGAATAAAATAAAGTTAAATTTTTAGTTAAAATTCTAAGATGAGTTTAAAAGACGATAAGACCCTATAAAATTTGTTCACGTTTTCGGGGATTAGATCTGCTGAGTATTAATGAATTAATTGGGGCGATTTTTATAAAATAAGCATCTGTAAATAAATCAAACACTCATCAGTGTAATTATTGACCCTAGGGGAACATAAAATGAAATTACTTTAGGGATAACAGCGTAATTTTTTTTAGAGTTCTTATCAAAGGAAAAGTTTGCGACCTCGATGTTGAATTAAGGAGTCTTTTAGGTGTAGAAGCTGTGGGAGAGAGTCTGTTCGACTTTTAATTTCTTACATGATCTGA,11:23:00 PM,12:42:00 AM,2103,262,60.9,0.5,-0.3,2568,4,28,28
ICECU019-20,ICE1-Dia012,12374274,Diastylidae,Leptostylis,,deep sea,ISOW,60.357,60.046,-18.136,-18.142,2567.7,2568.5,S,S,7,7,2.6581,258.389,2011-08-30,Atlantic Ocean,South Iceland,Iceland Basin,sandy mud,13743453,TCGCCTGTTTATCAAAAACAYGTTTTTTTGATAAATTAAAAAATCGTACCTGCTCACTGAAAACATTAAAGAGCTGCAGTATCTTAACTGTGCAAAGGTAGCATAATACATTGTCTCTTAATTAGAGGCTTGAATGAAAGGTTTAACAATATAATAACTGTCTCAGATATTTATGAAAAATTAATTTTTAGTAAAAACTCTAAAATATAATTAAAAGACGATAAGACCCTATAAAATTTTACTCCTTTTTTAATGAAAAGATAAAATATTTTATAGAAGATAAATTGGGGCGATTTTTATAAATAAAAAAACTGTAAAATTTTTTATCCACTTTAAGTGATTAAAGATGACCTGGGTTTCCTCCAATTAATAAATCAAATTACTTTAGGGATAACAG,11:23:00 PM,12:42:00 AM,2103,262,60.9,0.5,-0.3,2568,4,28,28
ICECU020-20,ICE1-Dia013,12374275,Diastylidae,Leptostylis,Leptostylis ampullacea,deep sea,NSDWw,67.868,67.860,-23.696,-23.696,1281,1266.6,SSE,SE,5,6,-0.66561,278.7728,2011-09-15,Atlantic Ocean,East Greenland,Denmark Strait,mud,13743454,AGCATAATAATTTGTCTTTTAATTAGGGGCTTGAATGAAAGATTTGACATAAAATAACTGTCTTAATTTTTACTAAAAAATTCATTTTTAGTGAAAACTCTAAAATAAAAATAGAAGACGATAAGACCCTTTAAAATTTTTCTTAGTTTTAAATTGGACTAGTCAAACCCGAAATTAAAGATTAATTGGGGAGATTTTTATAAACTTATAAAAACTGTAAAGAAAAAAAAACACTTATGTGTGAATTTTAAGACCTTTAAAGAAGTTTTAAATTAAATTACTTTA,10:16:00 AM,11:15:00 AM,1340,199,265,1.1,0,1208,25,222,222
ICECU021-20,ICE1-Dia014,12374276,Diastylidae,Leptostylis,Leptostylis ampullacea,deep sea,NSDWw,67.079,67.075,-13.064,-13.038,1574.7,1581.1,E,E,6,5,-0.74403,269.2512,2011-09-21,Atlantic Ocean,North-East Iceland,Norwegian Sea,mud,13743455,AAAAACATGTCTTTTTGTCCCATAAAAAGTCGTATCTGCTCACTGGTTTTCTAAAGAGCTGCAGTACCCTAACTGTGCAAAGGTAGCATAATAATTTGTCTTTTAATTAGGGGCTTGAATGAAAGATTTGACATAAAATAACTGTCTTAATTTTTACTAAAAAATTCATTTTTAGTGAAAACTCTAAAATAAAAATAGAAGACGATAAGACCCTTTAAAATTTTTCTTAGTTTTAAATTGGACTAGTCAAACCCGAAATTAAAGATTAATTGGGGAGATTTTTATAAACTTATAAAAACTGTAAAGGAAAAAAACACTTATATGTGAATTTTAAGACCTTTAAAGAAGTTTTAAATTAAATTACTTAAGGGATAACAGCGTTATTTTTTTTAGAGCCCGAATCGAAAAAAAAGATTGCGACCTCGATGTTGAATTAAGAAGTCTCATTTAAGTAAAAATAAATGAAGAGAATCTGTTCGATTCTTAAATTCTTACATGATCTGAGTCAAAACCGGAG,11:05:00 AM,12:16:00 PM,1795,144,266,0.1,0,1546,30,277,277
ICECU023-20,ICE1-Dia016,12374278,Diastylidae,Diastylis,Diastylis polaris,deep sea,NSDWw,67.868,67.860,-23.696,-23.696,1281,1266.6,SSE,SE,5,6,-0.66561,278.7728,2011-09-15,Atlantic Ocean,East Greenland,Denmark Strait,mud,13743457,GCTTTAAAAAGGGTCAAACCTGCACACTGAGTTATTAAAGAGCTGCAGTATTCTAACTGTATTAAAGTAGCATAGTAATTTGTTTTTTAATTGGGGACTTGAATGAARGGTTTGATGTTTATAGGCTGTCTTTTTTAAAAAGGTGAAATTAATTTTTAGTTAAAACTCTAAGATGAGCTTGTGGGACGATAAGACCCTATAAAATTTATATTGTATTTATATTAKATTGGAAAATATTTGACACAACAATTTAACTGGGGCGGTTAATATATAGAATATCTGTAAAATTATATCAACATATAATTTATGGTTTTTTTGACCCTTTAAAGATTGGTAGATTTAATTACTTTAGGGATAACAGCGTAATTCCTTTTAGAGTTCTTATCGAGTAGGGAGTTTGCGACCTCGATGTTGAATTAAGACACCTTT,10:16:00 AM,11:15:00 AM,1340,199,265,1.1,0,1208,25,222,222
ICECU024-20,ICE1-Dia017,12374279,Diastylidae,Leptostylis,Leptostylis borealis,slope,NSAIW,66.289,66.293,-12.347,-12.355,579.1,622.4,NW,NNW,10,7,-0.40217,283.581,2011-09-22,Atlantic Ocean,East Iceland,Norwegian Sea,gravel,13743458,AATAAATTGTCCTTTAATTTAGGACTTGAATGAATGATTTGACTATAAATTCTCTGTCTTATTTCGACTTAAGAAATTAATTTTTAGTAAAAATTCTAAAATAAAATTAAAAGACGAAAAGACCCTATAAAATTTTACTTAATTAGTAGGATTAGATTAGTTTTTCTAGAGGACTTTGTATAAGTTTAATTGGGGAGATTTTCATAAAAAAAATAAAACTGTAAAATTTAAGACCATCTACAAATGTAATAAACGACCTTTTAAGACTAAAATCACTGGATCAAATTACTTTA,3:06:00 PM,3:36:00 PM,760,305,233,0.8,0.1,712,32,296,296
ICECU025-20,ICE1-Dia018,12374280,Diastylidae,Leptostylis,Leptostylis ampullacea,slope,APW/NSAIW,67.214,67.215,-26.207,-26.192,716.5,726,SW,WSW,2,3,0.07,292.966,2011-09-14,Atlantic Ocean,East Greenland,Denmark Strait,mud,13743459,AAAAACATGTCTTTTTGTCCCATAAAAAGTCGTATCTGCTCACTGGTTTTCTAAAGAGCTGCAGTACCCTAACTGTGCAAAGGTAGCATAATAATTTGTCTTTTAATTAGGGGCTTGAATGAAAGATTTGACATAAAATAACTGTCTTAATTTTTACTAAAAAATTCATTTTTAGTGAAAACTCTAAAATAAAAATAGAAGACGATAAGACCCTTTAAAATTTTTCTTAGTTTTAAATTGGATTAGTCAAACCCGAAATTAAAGATTAATTGGGGAGATTTTTATAAACTTATAAAAACTGTAAAGGAAAAAAACACTTATATGTGAATTTTAAGACCTTTAAAGAAGTTTTAAATTAAATTACTTAAGGGATAACAGCGTTATTTTTTTTAGAGCCCGAATCGAAAAAAAAGATTGCGACCTCGATGTTGAATTAAGAAGTCTCATTTAAGTAAAAATAAATGAAGAGAATCTGTTCGATTCTTAAATTCTTACATGATCTGAG,5:20:00 AM,5:53:00 AM,670,97.6,349,2.1,1.1,685,23,187,187
ICECU026-20,ICE1-Dia019,12374281,Diastylidae,Diastylis,Diastylis polaris,deep sea,NSDWw,67.079,67.075,-13.064,-13.038,1574.7,1581.1,E,E,6,5,-0.74403,269.2512,2011-09-21,Atlantic Ocean,North-East Iceland,Norwegian Sea,mud,13743460,CATGTCTTTTTGCTTTAAAAAGGGTCAAACCTGCACACTGAGTTATTAAAGAGCTGCAGTATTCTAACTGTATTAAAGTAGCATAGTAATTTGTTTTTTAATTGGGGACTTGAATGAAAGGTTTGATGTTTATAGGCTGTCTTTTTTAAAAAGGTGAAATTAATTTTTAGTTAAAACTCTAAGATGAGCTTGTGGGACGATAAGACCCTATAAAATTTATATTGTATTTATATTAGATTGGAAAATATTTGACACAACAATTTAACTGGGGCGGTTAATATATAGAATATCTGTAAAATTATATCAACATATAATTTATGGTTTTTTTGACCCTTTAAAGATTGGTAGATTTAATTACTTTAGGGATAACAGCGTAATTCCTTTTAGAGTTCTTATCGAGTAGGGAGTTTGCGACCTCGATGTTGAATTAAGACACCTTTACAAGCGCAGAAGCCATATTAGGAAATCTGTTCGATTTATATGTTCTTACATGATCTGAGT,11:05:00 AM,12:16:00 PM,1795,144,266,0.1,0,1546,30,277,277
ICECU027-20,ICE1-Dia024,12374282,Diastylidae,Diastyloides,Diastyloides atlanticus,deep sea,ISOW,60.357,60.046,-18.136,-18.142,2567.7,2568.5,S,S,7,7,2.6581,258.389,2011-08-30,Atlantic Ocean,South Iceland,Iceland Basin,sandy mud,13743461,AAAAACATGTCTTTATGTGTAATATAAAGTCATGCCTGCACACTGAGTAATTAAAGAGCTGCAGTATCTTGACTGTACTAAGGTAGCATAATATATTGTTTTTTAATTAGAAACTTGGATGAAAGGTTTGATGTTTACAAACTTTCTTTTGAATAAAATAAAGTTAAATTTTTAGTTAAAATTCTAAGATGAGTTTAAAAGACGATAAGACCCTATAAAATTTGTTCACGTTTTCGGGGATTAGATCTGCTGAGTATTAATGAATTAATTGGGGCGATTTTTATAAAATAAGCATCTGTAAATAAATCAAACACTCATCAGTGTAATTATTGACCCTAGGGGAACATAAAATGAAATTACTTTAGGGATAACAGCGTAATTTTTTTTAGAGTTCTTATCAAAGGAAAAGTTTGCGACCTCGATGTTGAATTAAGGAGTCTTTTAGGTGTAGAAGCTGTGGGAGAGAGTCTGTTCGACTTTTAATTTCTTACATGATCTGAGT,11:23:00 PM,12:42:00 AM,2103,262,60.9,0.5,-0.3,2568,4,28,28
ICECU028-20,ICE1-Dia025,12374283,Diastylidae,Leptostylis,,deep sea,ISOW,60.357,60.046,-18.136,-18.142,2567.7,2568.5,S,S,7,7,2.6581,258.389,2011-08-30,Atlantic Ocean,South Iceland,Iceland Basin,sandy mud,13743462,AAAAACATGTTTTTTTGTAAAAATAAAAAATCGTACCTGCTCACTGAATATATTAAATTAAAGAGCTGCAGTATTTTAACTGTGCGAAGGTAGCATAATACATTGTCTTTTAATTAGGGGCTTGAATGAATGGTTTGACAATATGATAACTGTCTTTTATGTTCATCAAAAATTAATTTTTAGTGAAAACTCTAAAATATAATTAAAAGACGATAAGACCCTATAAAATTTTTTCTTCATATTACATAGACTAGGTAAAATTAATAAAGAAGATAGGTTGGGGCGATTTTTATAAACAAAAAAACTGTAAAATTTTAACCCACTTCTCAGTGTTAAAAATGACCTGTATTTTACAATTTTTAAATAAAATTACTTTAGGGATAACAGCGTAATTTTTTTTAGAGACCTTATCAAAAAAAAAGTTTGCGACCTCGATGTTGAATTAAGAATTCTGCCAGGAGTAGCATTTTGGTCAGAAAATCTGTTCGATTTATAAATTCTTACATGATCTGAGTTCAAACCGGAG,11:23:00 PM,12:42:00 AM,2103,262,60.9,0.5,-0.3,2568,4,28,28
ICECU029-20,ICE1-Lam001,12374284,Lampropidae,Hemilamprops,Hemilamprops diversus,deep sea,ISOW,60.357,60.046,-18.136,-18.142,2567.7,2568.5,S,S,7,7,2.6581,258.389,2011-08-30,Atlantic Ocean,South Iceland,Iceland Basin,sandy mud,13743463,AAACATGGCTGTTTGTTTTTTAAATAGTCTTACCTGCACACTGTAAAAATAAAGAGCTGCAGTATTTTGACTGTACTAAGGTAGCATAGTAACTTGTCTCTTAATTGGAGGCTTGAATGAAAGGTTTAACGAAAGATGACTTTTTCTTTATTAACCAGGAATTTAACTCTCAGTTAAAATTCCGAGATATTGTTTAGGGACGATAAGACCCTATAAAATTTTACTCCTTGTATTTATTAGTTTAGTACTGATTAGTTTATTGGGTTTGGTTGGGGCAACTGGAATATAAAAGTTAATTGTTCTTTATATTTACTACATTAGTTTATGGAAAGGATGACCTTAATAAGATCTTAAGAATAAATTACTTTAGGGATAACAGCGTAATTCCCTTTAAAGTTCAAATTAAAGAGGGAGTTTGCGACCTCGATGTTGAATCAATGAATCTTTTTAGTGCAGAAGCTAATATAGAAAATCTGTTCGATTTATAATTCTTTACGTGATCTGA,11:23:00 PM,12:42:00 AM,2103,262,60.9,0.5,-0.3,2568,4,28,28
ICECU030-20,ICE1-Lam002,12374285,Lampropidae,Hemilamprops,Hemilamprops cristatus,deep sea,ISOW,60.357,60.046,-18.136,-18.142,2567.7,2568.5,S,S,7,7,2.6581,258.389,2011-08-30,Atlantic Ocean,South Iceland,Iceland Basin,sandy mud,13743478,AAAAACATGTCTAACAGTCAAATTTTTAGTCGTACCTGCACACTGAGATTTTAAAGAGCTGTAGTATTCTAACTACACTAAGGTAGCATAATACATTGTTTTTTAATTAAAAACTTGAATGAAAGGTTTGATGATTAGATACTTTTACTTTTGAACATAAAAAATTAATGTTTTAGTTAAAAATCTAAAATCCTTTAAAAGACGATAAGACCCTATAAAATTTTATTAAATTTAAAGATATTAGTTAAGTTGAAATTTTAATTTTGTTGGGGTAATAAAAATAACATAATCTAACTGTTTTTATAAAAACATTTATTAATGAGAAAGTTTGACCTAAAAAAAAAATTAATAAAGCAAATTACTTTAGGGATAACAGCGTTATCTTGTTTAGAGACCTAATCGAAAACAAGGGTTGCGACCTCGATGTTGAATTAAGAGTTTCAGTGGGGTGAAAAAGCTCCCCTAGAAAATCTGTTCGATTTTTAAATTCTTACATGATCTGAGTT,11:23:00 PM,12:42:00 AM,2103,262,60.9,0.5,-0.3,2568,4,28,28
ICECU032-20,ICE1-Lam004,12374287,Pseudocumatidae,Platysympus,Platysympus typicus,shelf,APW,67.636,67.633,-26.767,-26.774,315.9,315.1,SW,SW,6,6,0.706,290.9,2011-09-14,Atlantic Ocean,East Greenland,Denmark Strait,mud,13743479,AAAAACATGTCTGCCTGTCATAATAAGCAGTCTTACCTGCTCACTGATTTTAAAGAGCTGCAGTAACTTGACTGTACTAAGGTAGCATAATAAATTGTTTTTTAATAAAGAACTAGAATGAAAGGTTTGATGAACAACAGCTTTTTCTGTATTTTTCCCAAATTTAACTCCCTGTAAAAACTCCGTGATAAAATTTAAAGACGATAAGACCCTATAAAATTTTATTAATTAAAATTGATCAGTTTATACTTAAGTTAATTTGATTGGGGTGATTTTAATAAAAATTCTAACTGTTAAAATAAAACCGCTTATATGCGCACATCAATAGACCCTCAAAAGATTAAAAAAGTAAATTACTTTAGGGATAACAGCGTAATCCTTCTTAAAGTTCCTATAAAAAGAGGGGTTTGCGACCTCGATGTTGAATTAAGAAAACCTTAAGTTGCAAAAGTTTTAAAGGTAAATCTGTTCGATTTATAATCTCTTACATGATCTGAGTTCAAACC,5:28:00 PM,6:50:00 PM,366,231,16.2,1.4,-0.2,313,24,216,216
ICECU033-20,ICE1-Lam005,12374288,Lampropidae,Hemilamprops,Hemilamprops pterini,deep sea,NAW,63.008,63.018,-28.068,-28.053,1593.8,1569.1,NE,NE,8,8,4.28,245.53,2011-09-08,Atlantic Ocean,South Iceland,Irminger Basin,sand,13743480,AAAACATGTCTATAAGTAAAATTTATAGTCTCACCTGCACACTGATTCGTTTAAAGAGCTGTAGTATTTTGACTATGCAAAGGTAGCATAATATATTGTTTTTTAATTAAAAACTTGTATGAAAGGTTTGATGAAGAAAGACTTTTCCTTTTTTAAAATAAAAATTAATACTTTAGTAAAAATTCTAAATTTTCCTATAAGACGATAAGACCCTATAAAATTTAATTTATTATCTCTCTTGGTTAGAAAGTAAATACAATAAATTTTGTTGGGGCAACAAAAATATAAAATTTAACTGTTTGTTTTTAAACATTTATAAATGAAAATTTAAGACCCTAAAAAGATTATGAAAACAAATTACTTTAGGGATAACAGCGTAATTTTATTTAAAGTTCAAATTAAAAATAAAGTTTGCGACCTCGATGTTGAATTAAGAAACCTTTTAAATGCAGAAGTTTATTTTGGTAATCTGTTCGATTATTAATATCTCACATGATCTGA,11:47:00 PM,1:04:00 AM,1673,21.2,39.2,0.8,-0.2,1613,16,129,129
ICECU035-20,ICE1-Lam008,12374290,Lampropidae,Hemilamprops,Hemilamprops cristatus,deep sea,ISOW,60.357,60.046,-18.136,-18.142,2567.7,2568.5,S,S,7,7,2.6581,258.389,2011-08-30,Atlantic Ocean,South Iceland,Iceland Basin,sandy mud,13743482,CATAATACATTGTTTTTTAATTAAAAACTTGAATGAAAGGTTTGATGATTAGATACTTTTACTTTTGAACATAAAAAATTAATGTTTTAGTTAAAAATCTAAAATCCTTTAAAAGACGATAAGACCCTATAAAATTTTATTAAATTTAAAGATATTAGTTAAGTTGAAATTTTAATTTTGTTGGGGTAATAAAAATAACATAATCTAACTGTTTTTATAAAAACATTTATTAATGAGAAAGTTTGACCTAAAAAAAAAATTAATAAAGCAAATTACTTTAGG,11:23:00 PM,12:42:00 AM,2103,262,60.9,0.5,-0.3,2568,4,28,28
ICECU036-20,ICE1-Lam009,12374291,Lampropidae,Chalarostylis,Chalarostylis elegans,deep sea,ISOW,60.357,60.046,-18.136,-18.142,2567.7,2568.5,S,S,7,7,2.6581,258.389,2011-08-30,Atlantic Ocean,South Iceland,Iceland Basin,sandy mud,13743483,TCAAAAACATGTTTATTAGTTATATTTATAATCATGCCTGCACACTGATTTTTAAAGAGCTGTAGTATTCTAACTATACTAAGGTAGCATAATATATTGCTTTTTAATTGAAAGCTTGTATGAAAGGTTCCATGAAAAAGAAACTTTTCCTTAACTACCTAAAAAATTAATATCTTAGTAAAAAATCTAAGTTATTTTTAAAAGACGATAAGACCCTATAAAATTTAATTTAATATTTCTGGTTAGATTTTATTACATAAATTTTATTGGGGTAATAAAAACATAATTTTTAACTGTTTTTGTTATTAACATTTTTAATGAACTTTATGACCCTAATAAGACTACGAGAATAAATTACTTTAGGGATAACAGCGTAATTTTATTTAAAGTTCTTATTAAAAATAAAGTTTGCGACCTCGATGTTGAATTAAGAATTTTTAATGGTGCAGTAGCTATTTTAATAAATCTGTTCGATTTATAATTTCTTACGTGATCTGAGTCAAAACCGGAGATGCAGCCGCTATTAAAGGTTCGTTTGTTCAACGATTAAAGTCCTACGTGATCTGAGTTCAAACCGGAG,11:23:00 PM,12:42:00 AM,2103,262,60.9,0.5,-0.3,2568,4,28,28
ICECU038-20,ICE1-Lam011,12374293,Lampropidae,Hemilamprops,Hemilamprops diversus,deep sea,ISOW,60.357,60.046,-18.136,-18.142,2567.7,2568.5,S,S,7,7,2.6581,258.389,2011-08-30,Atlantic Ocean,South Iceland,Iceland Basin,sandy mud,13743485,AAAAACATGGCTGTTTGTTTTTTAAATAGTCTTACCTGCACACTGTAAAAATAAAGAGCTGCAGTATTTTGACTGTACTAAGGTAGCATAGTAACTTGTCTCTTAATTGGAGGCTTGAATGAAAGGTTTAACGAAAGATGACTTTTTCTTTATTAACCAGGAATTTAACTCTCAGTTAAAATTCCGAGATATTGTTTAGGGACGATAAGACCCTATAAAATTTTACTCCTTGTATTTATTAGTTTAGTACTGATTAGTTTATTGGGTTTGGTTGGGGCAACTGGAATATAAAAGTTAATTGTTCTTTATATTTACTACATTAGTTTATGGAAAGGATGACCTTAATAAGATCTTAAGAATAAATTACTTTAGGGATAACAGCGTAATTCCCTTTAAAGTTCAAATTAAAGAGGGAGTTTGCGACCTCGATGTTGAATCAATGAATCTTTTTAGTGCAGAAGCTAATATAGAAAATCTGTTCGATTTATAATTCTTTACGTGATCTGAGT,11:23:00 PM,12:42:00 AM,2103,262,60.9,0.5,-0.3,2568,4,28,28
ICECU040-20,ICE1-Lam015,12374295,Lampropidae,Hemilamprops,,deep sea,NAW,63.008,63.018,-28.068,-28.053,1593.8,1569.1,NE,NE,8,8,4.28,245.53,2011-09-08,Atlantic Ocean,South Iceland,Irminger Basin,sand,13743487,AAAACATGTCTATTCGTAAAATTAATAGTCATGCCTGCACCCTGCCAGTTAAAGAGCTGCAGTATTTTAACTGTACTAAGGTAGCATAATACATTGCTTTCTAATTAAAAGCTTGAATGAAAGGTTCGATGAAGGAAAACTTTCCTTGTACCTAAACAAAAATTAGCTCTCAGTCAAAACCCTGAAATGCCTCTTTAAGACGATAAGACCCTATAAAATTTTATTCAGTGGGGGTGGCCAGATAGCAGCCATAGCGAATTTTGTTGGGGCGACAGGAATATAATATTTAACTGTTTTTATCAAAACGTGCGTACACGATTTTAGTGACCCTTATTTAGATTTAAAAAACAAATTACTTTAGGGATAACAGCGTAATCTTTTTTAGAGTTCTTATCAAAAAAAAGGTTTGCGACCTCGATGTTGAATTAAGAAAGCCGTGTAGAGCAGAAACTTCACAGGTAAATCTGTTCGATTTGTAATTTCTTACATGATCTG,11:47:00 PM,1:04:00 AM,1673,21.2,39.2,0.8,-0.2,1613,16,129,129
ICECU041-20,ICE1-Lam016,12374296,Pseudocumatidae,Platysympus,Platysympus typicus,deep sea,NAW,63.008,63.018,-28.068,-28.053,1593.8,1569.1,NE,NE,8,8,4.28,245.53,2011-09-08,Atlantic Ocean,South Iceland,Irminger Basin,sand,13743488,GTAGCATAATAAATTGTTTTTTAATAAAGAACTAGAATGAAAGGTTTGATGAACAACAGCTTTTTCTGTATTTTACCCAAATTTAACTCCCTGTAAAAACTCCGTGATAAAATTTAAAGACGATAAGACCCTATAAAATTTTATTAATTAAAATTGATCAGTTTATACTTAAGTTAATTTGATTGGGGTGATTTTAATAAAAATTCTAACTGTTAAAATAAAACCGCTTATATGCGCACATCAATAGACCCTCAAAAGATTAAAAAAGTAAATTACTTTAGGGATAACAGCGTAATCCTTCTTAAAGTTCCTATAAAAAGAGGGGTTTGCGACCTCGATGTTGAATTAAGAAAACCTTAAGTTGCAAAAGTTTTAAAGGTAAATCTGTTCGATTTATAATCTCTTACATGATCTGA,11:47:00 PM,1:04:00 AM,1673,21.2,39.2,0.8,-0.2,1613,16,129,129
ICECU042-20,ICE1-Lam017,12374297,Lampropidae,Chalarostylis,Chalarostylis elegans,deep sea,ISOW,60.357,60.046,-18.136,-18.142,2567.7,2568.5,S,S,7,7,2.6581,258.389,2011-08-30,Atlantic Ocean,South Iceland,Iceland Basin,sandy mud,13743489,TTTATTAGTTATAWTTATAATCATGCCTGCACACTGATTTTTAAAGAGCTGTAGTATTCTAACTATACTAAGGTAGCATAATATATTGCTTTTTAATTGAAAGCTTGTATGAAAGGTTCCATGAAAAAGAAACTTTTCCTTAACTACCTAAAAAATTAATATCTTAGTAAAAAATCTAAGTTATTTTTAAAAGACGATAAGACCCTATAAAATTTAATTTAATATTTCTGGTTAGATTTTATTACATAAATTTTATTGGGGTAATAAAAACATAATTTTTAACTGTTTTTGTTATTAACATTTTTAATGAACTTTATGACCCTAATAAGACTACGAGAATAAATTACTTTAGGGATAACAGCGTAATTTTATTTAAAGTTCTTATTAAAAATAAAGTTTGCGACCTCGATGTTGAATTAAGAATTTTTAATGGTGCAGTAGCTATTTTAATAAATCTGTTCGATTTATAATTTCTTACGTGATCTGAG,11:23:00 PM,12:42:00 AM,2103,262,60.9,0.5,-0.3,2568,4,28,28
ICECU043-20,ICE1-Lam018,12374298,Lampropidae,Hemilamprops,Hemilamprops cristatus,slope,APW/NSAIW,67.214,67.215,-26.207,-26.192,716.5,726,SW,WSW,2,3,0.07,292.966,2011-09-14,Atlantic Ocean,East Greenland,Denmark Strait,mud,13743490,CATGTCCATGGGTAAAATTTATGGTCTGGCCTGCTCACTGAATTAATTAAAGAGCTGTAGTAATTTGACTATACAAAGGTAGCATAATAAATTGTTTTTTAATTAAAAACTTGGATGAAAGGTTTGATGAGAAAAAACTTTTCCTTTTTTTTAATAAAAATTAATATTTTAGTAAAAATTCTAAAATTCTCTATAAGACGATAAGACCCTATAAAATTTTATTTATTCTTACTTTTGATTAGTTTATAATTTAATAAATTTTATTGGGGCAATAAAAATATAAAGTTTAACTATTTATTAAATCTACACTAATAAGTGAAATTTTAGACCCTAAGAAGATTATAAAAACAAATTACTTTAGGGATAACAGCGTAATTTTATTTAGAGTTCTAATTGAAAATAAAGTTTGCGACCTCGATGTTGAATTAAGAATCCTTTTAAATGAAGAAGTTTAATCAGGTAATCTGTTCGATTATTAATTTCTTACATGATCTGA,5:20:00 AM,5:53:00 AM,670,97.6,349,2.1,1.1,685,23,187,187
ICECU045-20,ICE1-Leu002,12374300,Leuconidae,Leucon,Leucon pallidus,shelf,APW,67.636,67.633,-26.767,-26.774,315.9,315.1,SW,SW,6,6,0.706,290.9,2011-09-14,Atlantic Ocean,East Greenland,Denmark Strait,mud,13743492,AAAAACATCTCTTTTAGTTAGTATTAAAAGTCTCCCCTGCTCACTGTGTTTAAAGAGCTGCAGTACCCCAACTGTACTAAGGTAGCATAGTAATTTGTCCTTTAATTGGGGACTTGAATGAATGGGCCGACGCAAAACTCTCTTTTCCTTGGGCTTTAAAAATTTAGATTTAGGTTAAAATTCCTAGATATACTTAATAGACGATAAGACCCTATAAAATTTTACCTCATTACACCTAATTAGTTATTAAACTTAGTGGAGGTTTCGCTGGGACGGCTAAAATATAGTACCTATTTTCACTTCAACAGTAATATGTGAATTTTCTGACCCGTTAAAGATTGAAGATCTAATTACTTTAGGGGTAACAGCGTAATTTTTCTTAGAGCCCTAATCAAAAGAAGAGTTTACGACCTCGATGTTGAATTAGGGAAACTACGTTGGCGCAAAAGCTACTTAAGTAGATCTGTTCGATCTTTTATCCCTTAC,5:28:00 PM,6:50:00 PM,366,231,16.2,1.4,-0.2,313,24,216,216
ICECU046-20,ICE1-Leu003,12374301,Leuconidae,Leucon,Leucon pallidus,deep sea,NSDWw,67.868,67.860,-23.696,-23.696,1281,1266.6,SSE,SE,5,6,-0.66561,278.7728,2011-09-15,Atlantic Ocean,East Greenland,Denmark Strait,mud,13743493,ACATCTCTTTTAGTTAGTATTAAAAGTCTCCCCTGCTCACTGTGTTTAAAGAGCTGCAGTACCCCAACTGTACTAAGGTAGCATAGTAATTTGTCCTTTAATTGGGGACTTGAATGAATGGGCCGACGCAAAACTCTCTTTTCCTTGGGCTTTAAAAATTTAGATTTAGGTTAAAATTCCTAGATATACTTAATAGACGATAAGACCCTATAAAATTTTACCTCATTACACCTAATTAGTTATTAAACTTAGTGGAGGTTTCGCTGGGACGGCTAAAATATAGTACCTATTTTCACTTCAACAGTAATATGTGAATTTTCTGACCCGTTAAAGATTGAAGATCTAATTACTTTAGGGGTAACAGCGTAATTTTTCTTAGAGCCCTAATCAAAAGAAGAGTTTACGACCTCGATGTTGAATTAGGGAAACTACGTTGGCGCAAAAGCTACTTAAGTAGATCTGTTCGATCTTTTATCCCTTACATGATCTGA,10:16:00 AM,11:15:00 AM,1340,199,265,1.1,0,1208,25,222,222
ICECU049-20,ICE1-Leu006,12374304,Leuconidae,Leucon,Leucon pallidus,deep sea,NSDWw,67.868,67.860,-23.696,-23.696,1281,1266.6,SSE,SE,5,6,-0.66561,278.7728,2011-09-15,Atlantic Ocean,East Greenland,Denmark Strait,mud,13743496,AACATCTCTTTTAGTTAGTATTAAAAGTCTCCCCTGCTCACTGTGTTTAAAGAGCTGCAGTACCCCAACTGTACTAAGGTAGCATAGTAATTTGTCCTTTAATTGGGGACTTGAATGAATGGGCCGACGCAAAACTCTCTTTTCCTTGGGCTTTAAAAATTTAGATTTAGGTTAAAATTCCTAGATATACTTAATAGACGATAAGACCCTATAAAATTTTACCTCATTACACCTAATTAGTTATTAAACTTAGTGGAGGTTTCGCTGGGACGGCTAAAATATAGTACCTATTTTCACTTCAACAGTAATATGTGAATTTTCTGACCCGTTAAAGATTGAAGATCTAATTACTTTAGGGGTAACAGCGTAATTTTTCTTAGAGCCCTAATCAAAAGAAGAGTTTACGACCTCGATGTTGAATTAGGGAAACTACGTTGGCGCAAAAGCTACTTAAGTAGATCTGTTCGATCTTTTATCCCTTACATGATCTG,10:16:00 AM,11:15:00 AM,1340,199,265,1.1,0,1208,25,222,222
ICECU050-20,ICE1-Leu007,12374305,Leuconidae,Leucon,Leucon profundus,shelf,APW,67.636,67.633,-26.767,-26.774,315.9,315.1,SW,SW,6,6,0.706,290.9,2011-09-14,Atlantic Ocean,East Greenland,Denmark Strait,mud,13743497,GGTTATATTTTAAGTAACCCCTGCTCACTGTCCCATGAAGAGCTGCAGTACAACAACTGTACTAAGGTAGCATAATAATTTGCCCTTTAATTGGGGGCTCGAATGAAAGGTCCGACGTAATTCTCCCTCTCACTGTTAATATAAAAAATTACATTCAGGTAAAAATACCTGAGTTCACCTAGAGGACGATAAGACCCTATAAAATTTCACTTTTTTGATAAAAGATAGGTAATATAGCTCTAAAAGTTTCGCTGGGACGGCTAAAACAAGACATCTATTTTCATCAAACCACTTATTTGTGCCCCCATGACCCGTAAAAGACCTTAAATCAAATTACTTTAGGGGTAACAGCGTAATTTTTCTTAGAGCTCTAATTGAAAGAAAAGATTACGACCTCGATGTTGAATTAGGAATACAGGAAGGTGCAAAAGCTTTCCAAG,5:28:00 PM,6:50:00 PM,366,231,16.2,1.4,-0.2,313,24,216,216
ICECU051-20,ICE1-Leu008,12374306,Leuconidae,Leucon,Leucon pallidus,shelf,APW,67.636,67.633,-26.767,-26.774,315.9,315.1,SW,SW,6,6,0.706,290.9,2011-09-14,Atlantic Ocean,East Greenland,Denmark Strait,mud,13743498,TAGTAATTTGTCCTTTAATTGGGGACTTGAATGAATGGGCCGACGCAAAACTCTCTTTTCCTTGGGCTTTAAAAATTTAGATTTAGGTTAAAATTCCTAGATATACTTAATAGACGATAAGACCCTATAAAATTTTACCTCATTACACCTAATTAGTTATTAAACTTAGTGGAGGTTTCGCTGGGACGGCTAAAATATA,5:28:00 PM,6:50:00 PM,366,231,16.2,1.4,-0.2,313,24,216,216
ICECU053-20,ICE1-Leu010,12374308,Leuconidae,Leucon,Leucon pallidus,slope,NSAIW,66.289,66.293,-12.347,-12.355,579.1,622.4,NW,NNW,10,7,-0.40217,283.581,2011-09-22,Atlantic Ocean,East Iceland,Norwegian Sea,gravel,13743500,CCTGTTTATCAAAAACATCTCTTTTAGTTAGTATTAAAAGTCTCCCCTGCTCACTGTGTTTAAAGAGCTGCAGTACCCCAACTGTACTAAGGTAGCATAGTAATTTGTCCTTTAATTGGGGACTTGAATGAATGGGCCGACGCAAAACTCTCTTTTCCTTGGGCTTTAAAAATTTAGATTTAGGTTAAAATTCCTAGATATACTTAATAGACGATAAGACCCTATAAAATTTTACCTCATTACACCCAATTAGTTATTAAACTTAGTGGAGGTTTCGCTGGGACGGCTAAAATATAGTACCTATTTTCACTTCAACAGTAATATGTGAATTTTCTGACCCGTTAAAGATTGAAGATCTAATTACTTTAGGGGTAACAGCGTAATTTTTCTTAGAGCCCTAATCAAAAGAAGAGTTTACGACCTCGATGTTGAATTAGGGAAACTACGTTGGCGCAAAAGCTACTTAAGTAGATCTGTTCGATCTTTTATCCCTTACATGATCTGAGTTCAAACCGGAG,3:06:00 PM,3:36:00 PM,760,305,233,0.8,0.1,712,32,296,296
ICECU054-20,ICE1-Leu018,12374309,Leuconidae,Leucon,Leucon spinulosus,slope,APW/NSAIW,67.214,67.215,-26.207,-26.192,716.5,726,SW,WSW,2,3,0.07,292.966,2011-09-14,Atlantic Ocean,East Greenland,Denmark Strait,mud,13743501,CATCTCCCTAAGAGACCATGTAGGGCATACCCTGCTCACTGCACGAAAGAGCTGCAGTAATTGAACTGTACTAAGGTAGCACAATAATTAGCCCTTTAATTGACGGCCGGTATAAAAGGGCCAACGAAAGACACTCTTTCCCTGAAAAAACTAAAAATTAATTCCTGGTAAAAATTCCAAAATAAACCGGAAGGACGACAAGACCCTATAAAATTTCACTTGAAAGCCTGCTTCCTTAGGTAAACCCAATCAAGTTTTGCTGGGATGGCAATTACATAAAACCTGATATTATTCTCACACCGAAAAGTGCATTAAATGACCCTCTAAAAGCCCCATAAACAAATTACTTTAGGGATAACAGCGTAATTTTTTTCAAAGTCCTCATTAAAAAAGAAGATTACGACCTCGATGTTGAATTAAGGGGATCCTCAGGCGCAAAAGCTTGAACGGGGGATCTGTTCGATCCATAAACCCTCACATGATCTGA,5:20:00 AM,5:53:00 AM,670,97.6,349,2.1,1.1,685,23,187,187
ICECU055-20,ICE1-Leu019,12374310,Leuconidae,Leucon,Leucon pallidus,slope,APW/NSAIW,67.214,67.215,-26.207,-26.192,716.5,726,SW,WSW,2,3,0.07,292.966,2011-09-14,Atlantic Ocean,East Greenland,Denmark Strait,mud,13743502,CTGTTTATCAAAAACATCACCTCTAGCATCACCAGTATTAGAGGCACCGCCTGCCCAGTGACACATGTTCTCGCCTGTTTATCAAAAACATCTCTTTTAGTTAGTATTAAAAGTCTCCCCTGCTCACTGTGTTTAAAGAGCTGCAGTACCCCAACTGTACTAAGGTAGCATAGTAATTTGTCCTTTAATTGGGGACTTGAATGAATGGGCCGACGCAAAACTCTCTTTTCCTTGGGCTTTAAAAATTTAGATTTAGGTTAAAATTCCTAGATATACTTAATAGACGATAAGACCCTATAAAATTTTACCTCATTACACCTAATTAGTTATTAAACTTAGTGGAGGTTTCGCTGGGACGGCTAAAATATAGTACCTATTTTCACTTCAACAGTAATATGTGAATTTTCTGACCCGTTAAAGATTGAAGATCTAATTACTTTAGGGGTAACAGCGTAATTTTTCTTAGAGCCCTAATCAAAAGAAGAGTTTACGACCTCGATGTTGAATTAGGGAAACTACGTTGGCGCAAAAGCTACTTAAGTAGATCTGTTCGATCTTTTATCCCTTACATGATCTG,5:20:00 AM,5:53:00 AM,670,97.6,349,2.1,1.1,685,23,187,187
ICECU056-20,ICE1-nn002,12374311,Astacidae,Campylaspis,Campylaspis sulcata,shelf,APW,67.636,67.633,-26.767,-26.774,315.9,315.1,SW,SW,6,6,0.706,290.9,2011-09-14,Atlantic Ocean,East Greenland,Denmark Strait,mud,13743465,ATAATAATTTGTTTTTTAATTGAAAGCTTGAATGAAGGGTTGAACGAGAGGTGGCTATTTTTAATATTTAAGTGAAATTGAAAGCAAGTAAAAAATCTTGGTTATTTTGCTCAGGGACGACAAGACCCTGTAAAGTTTAAATTTTTATTTTTTGGAAGGGAGGAAGGTGTCACAGGTAAGATTTTAGCTGGGACGGCTTGTCTATGAGAGTAGCTAGATTATGTAGAACATTTTTAAAGTGAGCTAAGGAGGCCCTCAAGGAGGGAAAGAAATAACTACTTCGGGGGTAACAGCATTATTCTTTTGAAAGTTCATATTGAAGAAAGAGTTTATGACCTCGATGTTGAATTAAGAACTGGGAGACGTGCAGAAGATCAACCCGTAGGGTCTGTTCGACCTGTGGTTTCTTACATGATCTGA,5:28:00 PM,6:50:00 PM,366,231,16.2,1.4,-0.2,313,24,216,216
ICECU057-20,ICE1-nn004,12374312,Astacidae,Campylaspis,Campylaspis sulcata,shelf,APW,67.636,67.633,-26.767,-26.774,315.9,315.1,SW,SW,6,6,0.706,290.9,2011-09-14,Atlantic Ocean,East Greenland,Denmark Strait,mud,13743503,ATAATAATTTGTTTTTTAATTGAAAGCTTGAATGAAGGGTTGAACGAGAGGTGGCTATTTTTAATATTTAAGTGAAATTGAAAGCAAGTAAAAAATCTTGGTTATTTTGCTCAGGGACGACAAGACCCTGTAAAGTTTAAATTTTTATTTTTTGGGGGGAGGAAGGTGTCACAGGTAAGATTTTAGCTGGGACGGCTTGTCTATGAGAGTAGCTAGATCACATAGAACATTTTTAAAGTGAGCTAAGGAGGCCCTCAAGGAGGGAAAGAAATAATTACTTTA,5:28:00 PM,6:50:00 PM,366,231,16.2,1.4,-0.2,313,24,216,216
ICECU059-20,ICE1-nn006,12374314,Astacidae,Campylaspis,Campylaspis sulcata,shelf,APW,67.636,67.633,-26.767,-26.774,315.9,315.1,SW,SW,6,6,0.706,290.9,2011-09-14,Atlantic Ocean,East Greenland,Denmark Strait,mud,13743515,AAGGTAGCATAATAATTTGTTTTTTAATTGAAAGCTTGAATGAAGGGTTGAACGAGAGGTGGCTATTTTTAATATTTAAGTGAAATTGAAAGCAAGTAAAAAATCTTGGTTATTTTGCTCAGGGACGACAAGACCCTGTAAAGTTTAAATTTTTATTTTTTGGGGGGAGGAAGGTGTCACAGGTAAGATTTTAGCTGGGACGGCTTGTCTATGAGAGTAGCTAGATCACATAGAACATTTTTAAAGTGAGCTAAGGAGGCCCTCAAGGAGGGAAAGAAATAAYTACTTYGGGGGTAACAGCATTATTCTTTTGAAAGTTCATATTGAAGAAAGAGTTTATGACCTCGATGTTGAATTAAGAACTGGGAGACGTGCAGAAGATCAACCCGTAAGGTCTGTTCGACCTGTGGTTTCTTACATGATCTGA,5:28:00 PM,6:50:00 PM,366,231,16.2,1.4,-0.2,313,24,216,216
ICECU060-20,ICE1-nn008,12374315,Astacidae,Styloptocuma,Styloptocuma gracillimum,deep sea,NAW,63.008,63.018,-28.068,-28.053,1593.8,1569.1,NE,NE,8,8,4.28,245.53,2011-09-08,Atlantic Ocean,South Iceland,Irminger Basin,sand,13743504,AAGGTAGCATAATAATTTCCCTTTTAATTAAAGGCTTGTATGAACGATTAGACGGGGTTTAGCTATTCCAGATCATTTAAAAAATTATCTTTGTGTAAAAATACACAATATTTATCTAGGGACGATAAGACCCTATAAAGTTTCACTGTTTTACAGAAAGGTAAGGTATAACACTGACCACAGTTTAACTGGGGCGGTTAGTTTATAAAACCTATACTGCGCATATCCGGCTCATGCCGATATAAAAGACCCTTATGGAGAATAAGATCAAACTACTTTAGGGATAACAGCATAATTCCTTTTAGAGTCCTTATCGAAAAAGGAGCTTATGACCTCGATGTTGAATTAGGATTAAGGTATGGCGCAGAAGCTTGTCCGTTAGATCTGTTCGATCTATACTTTCCTACATGATCTGAGTTCAAACCGGAGAG,11:47:00 PM,1:04:00 AM,1673,21.2,39.2,0.8,-0.2,1613,16,129,129
ICECU061-20,ICE1-nn013,12374316,Astacidae,Campylaspis,Campylaspis horrida,deep sea,LSW,61.642,61.654,-31.356,-31.349,2504.7,2531.8,NW,NNW,4,8,3.16,254.17,2011-09-07,Atlantic Ocean,South Iceland,Irminger Basin,muddy sand,13743505,TGAGAATAATAAAGGGCTATAGTACTCTGASTATACTAAGGTAGCRTAGTAGTTTGCTTTTTAATTTAAGGCTTGTATAAACGGTTGAATGGCAAGGCAACTGTTCTTAAAATAAAACGAAATTAGGCTCTAAGTTAAAACTCTTAGTCAAAACTCAGGGACGATAAGACCCCGTAAAATTTAACTATCTAAAACAACCAAGGTAGGTAAAAAAAATAAGAGTTTAGCTGGGACGGCGGATTTAAAGAAGAACGAATCTAAATTAATATAAACGAAGAAGCGGACAGCAGGACCCTTTAACGGAGGGCAGGAGTAAATTACTTTAGGGRTAACAGCGT,11:07:00 AM,12:24:00 PM,1983,24,293,0.9,-0.3,2530,15,111,111
ICECU062-20,ICE1-nn014,12374317,Astacidae,Campylaspis,Campylaspis globosa,deep sea,LSW,61.642,61.654,-31.356,-31.349,2504.7,2531.8,NW,NNW,4,8,3.16,254.17,2011-09-07,Atlantic Ocean,South Iceland,Irminger Basin,muddy sand,13743467,TACTAAGGTAGCATAATGATTTGTCTTTTAATTGGAGGCTTGTATGAAGGGTTGAATGAAAGGCGCCTGTTYTTGCAGAAATGAAAAATTAGTTTTAAGTTAAAATTCTTAAATAGGGCTCTGGGACGATAAGMCCCTGTAAAATTTGACTTTTTAGGATTTTGATGGCAAGGCGGGGGCATTTATTTACAGAGTTTGGCTGGGACGGCAGGTCTGTGTACACAGGA,11:07:00 AM,12:24:00 PM,1983,24,293,0.9,-0.3,2530,15,111,111
ICECU002-20,ICE1-Bod002,12374257,Bodotriidae,Cyclaspis,Cyclaspis longicaudata,deep sea,ISOW,60.357,60.046,-18.136,-18.142,2567.7,2568.5,S,S,7,7,2.6581,258.389,2011-08-30,Atlantic Ocean,South Iceland,Iceland Basin,sandy mud,13743436,CAAAAACATGGCTTTTTGAAAAATAAAAAGTCTTACCTGCACACTGAAACATAAAGAGCTGCAGTAATTTAAACTGTACTAAGGTAGCATAATCCTTTGTCTTTTAATTAAAGACTTGAATGAAAGGTACGACGAGATATAAACTTTTAATTTACAAAATAAATTACTTTTAGGTTAAAATGCCTAATTAAACTCAAAAGACGATAAGACCCTATAAAATTTAATTTACTATAAAAATAGCATAGATATTCTTTTTTTAAATTTAACTGGGATAGTTAAAATATTTAAACTACTTTTACCAAAACGTTATAACCACGAAATTAAAAATCTTATAAAAATTAAATTACTTTAGGGATAACAGTGTAATCCTTCTTAAAGCTCGTATTAAAAGAAGGGATCACAACCTCGATGTTGAATTAAGAAATCGCAATAGTGCAACCGCTGTTTCCGAAGATCTGTTCGATCTTTAATTTCTTACATGATCTGAGTTCAAACCGGAG,11:23:00 PM,12:42:00 AM,2103,262,60.9,0.5,-0.3,2568,4,28,28
ICECU005-20,ICE1-Cer001,12374260,Ceratocumatidae,Cimmerius,Cimmerius reticulatus,deep sea,LSW,61.642,61.654,-31.356,-31.349,2504.7,2531.8,NW,NNW,4,8,3.16,254.17,2011-09-07,Atlantic Ocean,South Iceland,Irminger Basin,muddy sand,13743439,CATAATAATTTGCTTTTTAATTAAAAGCTAGAATGAAAGGTTTGACGTAATATTTTCTATTACTTTTAAAAAATAAAACTTAAATTTTTGGTTAAAATCCCAAATTAAATCTTAAAGACGATAAGACCCTATAAAATTTAACTAAATAAATGTAATCAGATTATTTTTAATTCAGTTTTATTGGGGTGATTTTGATATTTAATCTATCAATTATCAAATCGTTAATAACCGAATTAATTTGACCCTATAAAGTTTT,11:07:00 AM,12:24:00 PM,1983,24,293,0.9,-0.3,2530,15,111,111
ICECU009-20,ICE1-Dia002,12374264,Diastylidae,Leptostylis,Leptostylis ampullacea,shelf,APW,67.636,67.633,-26.767,-26.774,315.9,315.1,SW,SW,6,6,0.706,290.9,2011-09-14,Atlantic Ocean,East Greenland,Denmark Strait,mud,13743443,AAACATGTCTTTTTGTCCCATAAAAAGTCGTATCTGCTCACTGGTTTTCTAAAGAGCTGCAGTATCCTAACTGTGCAAAGGTAGCATAATAATTTGTCTTTTAATTAGGGGCTTGAATGAAAGATTTGACATAAAATAACTGTCTTAATTTTTACTAAAAAATTCATTTTTAGTGAAAACTCTAAAATAAAAATAGAAGACGATAAGACCCTTTAAAATTTTTCTTAGTTTTAAATTGGACTAGTCAAACCCGAAATTAAAGATTAATTGGGGAGATTTTTATAAACTTATAAAAACTGTAAAGAAAAAAAACACTTATATGTGAATTTTAAGACCTTTAAAGAAGTTTTAAATTAAATTACTTAAGGGATAACAGCGTTATTTTTTTTAGAGCCCGAATCGAAAAAAAAGATTGCGACCTCGATGTTGAATTAAGAAGTCTCATTTAAGTAAAAATAAATGAAGAGAATCTGTTCGATTCTTAAATTCTTACATGATCTGA,5:28:00 PM,6:50:00 PM,366,231,16.2,1.4,-0.2,313,24,216,216
ICECU010-20,ICE1-Dia003,12374265,Diastylidae,Diastylis,Diastylis polaris,deep sea,NSDWc,67.644,67.639,-12.162,-12.138,1819.3,1811.9,SSE,SSE,11,10,-0.8511,,2011-09-20,Atlantic Ocean,Norwegian Sea,Norwegian Basin,Forams,13743444,CAAAAACATGTCTTTTTGCTTTAAAAAGGGTCAAACCTGCACACTGAGTTATTAAAGAGCTGCAGTATTCTAACTGTATTAAAGTAGCATAGTAATTTGTTTTTTAATTGGGGACTTGAATGAAAGGTTTGATGTTTATAGGCTGTCTTTTTTAAAAAGGTGAAATTAATTTTTAGTTAAAACTCTAAGATGAGCTTGTGGGACGATAAGACCCTATAAAATTTATATTGTATTTATATTAGATTGGAAAATATTTGACACAACAATTTAACTGGGGCGGTTAATATATAGAATATCTGTAAAATTATATCAACATATAATTTATGGTTTTTTTGACCCTTTAAAGATTGATAGATTTAATTACTTTAGGGATAACAGCGTAATTCCTTTTAGAGTTCTTATCGAGTAGGGAGTTTGCGACCTCGATGTTGAATTAAGACACCTTTACAAGCGCAGAAGCCATATTAGGAAATCTGTTCGATTTCTATGTTCTTACATGATCTGA,6:45:00 PM,7:57:00 PM,1885,52.6,29.2,0.8,-0.1,1781,33,270,270
ICECU022-20,ICE1-Dia015,12374277,Diastylidae,Leptostylis,Leptostylis borealis,shelf,APW,67.636,67.633,-26.767,-26.774,315.9,315.1,SW,SW,6,6,0.706,290.9,2011-09-14,Atlantic Ocean,East Greenland,Denmark Strait,mud,13743456,GCCTGTTTATCAAAAACATGTCTTTTCGAAATTTTAAATAAAAAGTCGTATCTGCTCACTGATAATATCTTTAAGAGCTGCAGTATACTAACTGTGCGAAGGTAGCATAATAAATTGTCTTTTAATTAAAGGCTTGAATGAATGATTTGACTATAAATTTTCTGTCTTACCTTGAACTTAAAAAATTAATTTTTAGTTAAAATTCTAAAATAAAATTAAAAGACGAAAAGACCCTATAAAATTTTACTTWCTAGTTAAAWTGAKTAGTCTATCTAAAYTAAGATAGATAAGTYTAAWTGGGGAGAKKKTTATAACTAAATAATAACTKTTTAAAAGCTAAAACATCCWCCAATGAAATAAACGACCTTACTTAAAATCACTGAATCAAAWTACTTTAGGGATAACAGCGYNNTTTTTTTTWGAGTTCTTATCAAAAAAAAAGKKTACGACCTTCGCCTGTTTATCAAAAACATATAC,5:28:00 PM,6:50:00 PM,366,231,16.2,1.4,-0.2,313,24,216,216
ICECU031-20,ICE1-Lam003,12374286,Lampropidae,Hemilamprops,Hemilamprops uniplicatus,shelf,APW,67.636,67.633,-26.767,-26.774,315.9,315.1,SW,SW,6,6,0.706,290.9,2011-09-14,Atlantic Ocean,East Greenland,Denmark Strait,mud,13743464,AAAACATGTCTATAAGTAAAATTTATAGTCTTACCTGCTCACTGAAATATTAAAGAGCTGTAGTACATTGACTATACAAAGGTAGCATAATATATTGTTTTTTAATTAAAAACTTGAATGAAAGGTTTAATGAAAAATAACTTTTCCTTTATTAAATAAAAAATTAATCACTTAGTTAAAATTCTAAGATTCTCTAAAAGACGATAAGACCCTATAAAATTTTATTTAATATTTTTGTTTAGTTAAATTAATAATAAATTTTGTTGGGGCAATAAAAATATATTTTTTAACTGTTTTATTTAAACCATTAATTAATGATATTTATGACCTTTATAAAGATTATAAGATTAAATTACTTTA,5:28:00 PM,6:50:00 PM,366,231,16.2,1.4,-0.2,313,24,216,216
ICECU034-20,ICE1-Lam006,12374289,Lampropidae,Hemilamprops,Hemilamprops diversus,deep sea,ISOW,60.357,60.046,-18.136,-18.142,2567.7,2568.5,S,S,7,7,2.6581,258.389,2011-08-30,Atlantic Ocean,South Iceland,Iceland Basin,sandy mud,13743481,CATAGTAACTTGTCTCTTAATTGGAGGCTTGAATGAAAGGTTTAACGAAAGATGACTTTTTCTTTATTAACCAGGAATTTAACTCTCAGTTAAAATTCCGAGATATTGTTTAGGGACGATAAGACCCTATAAAATTTTACTCCTTGTATTTATTAGTTTAGTACTGATTAGTTTATTGGGTTTGGTTGGGGCAACTGGAATATAAAAGTTAATTGTTCTTTATATTTACTACATTAGTTTATGGAAAGGATGACCTTAATAAGATCTTAAGAATAAATTACTTTA,11:23:00 PM,12:42:00 AM,2103,262,60.9,0.5,-0.3,2568,4,28,28
ICECU037-20,ICE1-Lam010,12374292,Lampropidae,Hemilamprops,Hemilamprops diversus,deep sea,ISOW,60.357,60.046,-18.136,-18.142,2567.7,2568.5,S,S,7,7,2.6581,258.389,2011-08-30,Atlantic Ocean,South Iceland,Iceland Basin,sandy mud,13743484,AAAACATGGCTGTTTGTTTTTTAAATAGTCTTACCTGCACACTGTAAAAATAAAGAGCTGCAGTATTTTGACTGTACTAAGGTAGCATAGTAACTTGTCTCTTAATTGGAGGCTTGAATGAAAGGTTTAACGAAAGATGACTTTTTCTTTATTAACCAGGAATTTAACTCTCAGTTAAAATTCCGAGATATTGTTTAGGGACGATAAGACCCTATAAAATTTTACTCCTTGTATTTATTAGTTTAGTACTGATTAGTTTATTGGGTTTGGTTGGGGCAACTGGAATATAAAAGTTAATTGTTCTTTATATTTACTACATTAGTTTATGGAAAGGATGACCTTAATAAGATCTTAAGAATAAATTACTTTAGGGATAACAGCGTAATTCCCTTTAAAGTTCAAATTAAAGAGGGAGTTTGCGACCTCGATGTTGAATCAATGAATCTTTTTAGTGCAGAAGCTAATATAGAAAATCTGTTCGATTTATAATTCTTTACGTGATCTG,11:23:00 PM,12:42:00 AM,2103,262,60.9,0.5,-0.3,2568,4,28,28
ICECU039-20,ICE1-Lam013,12374294,Lampropidae,Hemilamprops,Hemilamprops pterini,deep sea,NAW,63.008,63.018,-28.068,-28.053,1593.8,1569.1,NE,NE,8,8,4.28,245.53,2011-09-08,Atlantic Ocean,South Iceland,Irminger Basin,sand,13743486,CATGTCTATAAGTAAAATTTATAGTCTCACCTGCACACTGATTCGTTTAAAGAGCTGTAGTATTTTGACTATGCAAAGGTAGCATAATATATTGTTTTTTAATTAAAAACTTGTATGAAAGGTTTGATGAAGAAAGACTTTTCCTTTTTTAAAATAAAAATTAATACTTTAGTAAAAATTCTAAATTTTCCTATAAGACGATAAGACCCTATAAAATTTAATTTATTATCTCTCTTGGTTAGAAAGTAAATACAATAAATTTTGTTGGGGCAACAAAAATATAAAATTTAACTGTTTGTTTTTAAACATTTATAAATGAAAATTTAAGACCCTAAAAAGATTATGAAAACAAATTACTTTAGGGATAACAGCGTAATTTTATTTAAAGTTCAAATTAAAAATAAAGTTTGCGACCTCGATGTTGAATTAAGAAACCTTTTAAATGCAGAAGTTTATTTTGGTAATCTGTTCGATTATTAATATCTCACATGATCTGA,11:47:00 PM,1:04:00 AM,1673,21.2,39.2,0.8,-0.2,1613,16,129,129
ICECU044-20,ICE1-Leu001,12374299,Leuconidae,Leucon,Leucon profundus,shelf,APW,67.636,67.633,-26.767,-26.774,315.9,315.1,SW,SW,6,6,0.706,290.9,2011-09-14,Atlantic Ocean,East Greenland,Denmark Strait,mud,13743491,AAACATCTCTTAAGGTTATATTTTAAGTAACCCCTGCTCACTGTCCCATGAAGAGCTGCAGTACAACAACTGTACTAAGGTAGCATAATAATTTGCCCTTTAATTGGGGGCTCGAATGAAAGGTCCGACGTAATTCTCCCTCTCACTGTTAATATAAAAAATTACATTCAGGTAAAAATACCTGAGTTCACCTAGAGGACGATAAGACCCTATAAAATTTCACTTTTTTGATAAAAGATAGGTAATATAGCTCTAAAAGTTTCGCTGGGACGGCTAAAACAAGACATCTATTTTCATCAAACCACTTATTTGTGCCCCCATGACCCGTAAAAGACCTTAAATCAAATTACTTTAGGGGTAACAGCGTAATTTTTCTTAGAGCTCTAATTGAAAGAAAAGATTACGACCTCGATGTTGAATTAGGAATACAGGAAGGTGCAAAAGCTTTCCAAGTAGATCTGTTCGATCTTTAAAATCCTACATGATCTG,5:28:00 PM,6:50:00 PM,366,231,16.2,1.4,-0.2,313,24,216,216
ICECU047-20,ICE1-Leu004,12374302,Leuconidae,Leucon,Leucon profundus,shelf,APW,67.636,67.633,-26.767,-26.774,315.9,315.1,SW,SW,6,6,0.706,290.9,2011-09-14,Atlantic Ocean,East Greenland,Denmark Strait,mud,13743494,AAACATCTCTTAAGGTTATATTTTAAGTAACCCCTGCTCACTGTCCCATGAAGAGCTGCAGTACAACAACTGTACTAAGGTAGCATAATAATTTGCCCTTTAATTGGGGGCTCGAATGAAAGGTCCGACGTAATTCTCCCTCTCACTGTTAATATAAAAAATTACATTCAGGTAAAAATACCTGAGTTCACCTAGAGGACGATAAGACCCTATAAAATTTCACTTTTTTGATAAAAGATAGGTAATATAGCTCTAAAAGTTTCGCTGGGACGGCTAAAACAAGACATCTATTTTCATCAAACCACTTATTTGTGCCCCCATGACCCGTAAAAGACCTTAAATCAAATTACTTTAGGGGTAACAGCGTAATTTTTCTTAGAGCTCTAATTGAAAGAAAAGATTACGACCTCGATGTTGAATTAGGAATACAGGAAGGTGCAAAAGCTTTCCAAGTAGATCTGTTCGATCTTTAAAATCCTACATGATCTG,5:28:00 PM,6:50:00 PM,366,231,16.2,1.4,-0.2,313,24,216,216
ICECU048-20,ICE1-Leu005,12374303,Leuconidae,Leucon,Leucon pallidus,shelf,APW,67.636,67.633,-26.767,-26.774,315.9,315.1,SW,SW,6,6,0.706,290.9,2011-09-14,Atlantic Ocean,East Greenland,Denmark Strait,mud,13743495,CATAGTAATTTGTCCTTTAATTGGGGACTTGAATGAATGGGCCGACGCAAAACTCTCTTTTCCTTGGGCTTTAAAAATTTAGATTTAGGTTAAAATTCCTAGATATACTTAATAGACGATAAGACCCTATAAAATTTTACCTCATTACACCTAATTAGTTATTAAACTTAGTGGAGGTTTCGCTGGGACGGCTAAAATATAGTACCTATTTTCACTTCAACAGTAATATGTGAATTTTCTGACCCGTTAAAGATTGAAGATCTAATT,5:28:00 PM,6:50:00 PM,366,231,16.2,1.4,-0.2,313,24,216,216
ICECU052-20,ICE1-Leu009,12374307,Leuconidae,Leucon,Leucon pallidus,deep sea,NSDWw,67.868,67.860,-23.696,-23.696,1281,1266.6,SSE,SE,5,6,-0.66561,278.7728,2011-09-15,Atlantic Ocean,East Greenland,Denmark Strait,mud,13743499,AAAAACATCTCTTTTAGTTAGTATTAAAAGTCTCCCCTGCTCACTGTGTTTAAAGAGCTGCAGTACCCCAACTGTACTAAGGTAGCATAGTAATTTGTCCTTTAATTGGGGACTTGAATGAATGGGCCGACGCAAAACTCTCTTTTCCTTGGGCTTTAAAAATTTAGATTTAGGTTAAAATTCCTAGATATACTTAATAGACGATAAGACCCTATAAAATTTTACCTCATTACACCTAATTAGTTATTAAACTTAGTGGAGGTTTCGCTGGGACGGCTAAAATATAGTACCTATTTTCACTTCAACAGTAATATGTGAATTTTCTGACCCGTTAAAGATTGAAGATCTAATTACTTTAGGGGTAACAGCGTAATTTTTCTTAGAGCCCTAATCAAAAGAAGAGTTTACGACCTCGATGTTGAATTAGGGAAACTACGTTGGCGCAAAAGCTACTTAAGTAGATCTGTTCGATCTTTTATCCCTTACATGATCTGAGTTCAAACCGGAGA,10:16:00 AM,11:15:00 AM,1340,199,265,1.1,0,1208,25,222,222
ICECU058-20,ICE1-nn005,12374313,Astacidae,Campylaspis,,deep sea,NAW,63.008,63.018,-28.068,-28.053,1593.8,1569.1,NE,NE,8,8,4.28,245.53,2011-09-08,Atlantic Ocean,South Iceland,Irminger Basin,sand,13743466,TGTACTAAGGTAGCATAATGACCTGTCTTTCAATTGAAGGCTAGAATAAATGGACTGATGCTATGAAACTGTTCCTACAATAAAAGGAAACTAACTTTGAGTAAAAATTCTCATAATGAGCTCTGGGACGATAAGACCCTGTAAAATTTAACTTTATGGCTAAAATAACGAAATGAGTAAAAATAGTAAAAAAAGTTTGGCTGGGACGGCAAACCTGAATAAAAAACCAGGTTCCTGATAAACGTCATGGACGATAAGAATGACCCTAAATGGAGGAAAGGATAAAATTACTTTA,11:47:00 PM,1:04:00 AM,1673,21.2,39.2,0.8,-0.2,1613,16,129,129
,,,,,,,,,,,,,,,,,,,,,,,,,,,,,,,,,,,,,
,,,,,,,,,,,,,,,,,,,,,,,,,,,,,,,,,,,,,
